{
    "ask_weather": {
        "support": 16,
        "f1-score": 0.7857142857142857,
        "precision": 0.9166666666666666,
        "recall": 0.6875
    },
    "ask_faq_slots": {
        "support": 13,
        "f1-score": 1.0,
        "precision": 1.0,
        "recall": 1.0
    },
    "human_handoff": {
        "support": 9,
        "f1-score": 0.5333333333333333,
        "precision": 0.6666666666666666,
        "recall": 0.4444444444444444
    },
    "ask_faq_differencecorenlu": {
        "support": 12,
        "f1-score": 0.8,
        "precision": 0.7692307692307693,
        "recall": 0.8333333333333334
    },
    "ask_whoisit": {
        "support": 13,
        "f1-score": 0.6,
        "precision": 0.8571428571428571,
        "recall": 0.46153846153846156
    },
    "ask_isbot": {
        "support": 8,
        "f1-score": 0.823529411764706,
        "precision": 0.7777777777777778,
        "recall": 0.875
    },
    "nlu_generation_tool_recommendation": {
        "support": 3,
        "f1-score": 0.8,
        "precision": 1.0,
        "recall": 0.6666666666666666
    },
    "handleinsult": {
        "support": 20,
        "f1-score": 0.8571428571428571,
        "precision": 1.0,
        "recall": 0.75
    },
    "enter_data": {
        "support": 180,
        "f1-score": 0.8463611859838275,
        "precision": 0.8219895287958116,
        "recall": 0.8722222222222222
    },
    "switch": {
        "support": 9,
        "f1-score": 0.9411764705882353,
        "precision": 1.0,
        "recall": 0.8888888888888888
    },
    "ask_when_next_event": {
        "support": 8,
        "f1-score": 0.9333333333333333,
        "precision": 1.0,
        "recall": 0.875
    },
    "deny": {
        "support": 19,
        "f1-score": 0.6666666666666667,
        "precision": 0.7857142857142857,
        "recall": 0.5789473684210527
    },
    "affirm": {
        "support": 48,
        "f1-score": 0.7619047619047619,
        "precision": 0.7017543859649122,
        "recall": 0.8333333333333334
    },
    "ask_languagesbot": {
        "support": 12,
        "f1-score": 0.9600000000000001,
        "precision": 0.9230769230769231,
        "recall": 1.0
    },
    "ask_which_events": {
        "support": 10,
        "f1-score": 0.9473684210526316,
        "precision": 1.0,
        "recall": 0.9
    },
    "ask_restaurant": {
        "support": 11,
        "f1-score": 0.7777777777777778,
        "precision": 1.0,
        "recall": 0.6363636363636364
    },
    "ask_faq_tutorials": {
        "support": 8,
        "f1-score": 0.6666666666666666,
        "precision": 1.0,
        "recall": 0.5
    },
    "ask_whoami": {
        "support": 6,
        "f1-score": 0.8,
        "precision": 1.0,
        "recall": 0.6666666666666666
    },
    "ask_whatisrasa": {
        "support": 15,
        "f1-score": 0.8148148148148148,
        "precision": 0.9166666666666666,
        "recall": 0.7333333333333333
    },
    "ask_whatismyname": {
        "support": 8,
        "f1-score": 0.5454545454545454,
        "precision": 1.0,
        "recall": 0.375
    },
    "ask_why_contribute": {
        "support": 5,
        "f1-score": 0.5,
        "precision": 0.6666666666666666,
        "recall": 0.4
    },
    "react_positive": {
        "support": 9,
        "f1-score": 0.8750000000000001,
        "precision": 1.0,
        "recall": 0.7777777777777778
    },
    "ask_faq_voice": {
        "support": 14,
        "f1-score": 0.923076923076923,
        "precision": 1.0,
        "recall": 0.8571428571428571
    },
    "next_step": {
        "support": 3,
        "f1-score": 0.8571428571428571,
        "precision": 0.75,
        "recall": 1.0
    },
    "contact_sales": {
        "support": 31,
        "f1-score": 0.8620689655172414,
        "precision": 0.9259259259259259,
        "recall": 0.8064516129032258
    },
    "telljoke": {
        "support": 8,
        "f1-score": 1.0,
        "precision": 1.0,
        "recall": 1.0
    },
    "ask_howbuilt": {
        "support": 10,
        "f1-score": 0.9090909090909091,
        "precision": 0.8333333333333334,
        "recall": 1.0
    },
    "ask_wherefrom": {
        "support": 10,
        "f1-score": 0.888888888888889,
        "precision": 1.0,
        "recall": 0.8
    },
    "ask_faq_channels": {
        "support": 8,
        "f1-score": 1.0,
        "precision": 1.0,
        "recall": 1.0
    },
    "rasa_cost": {
        "support": 10,
        "f1-score": 0.9473684210526316,
        "precision": 1.0,
        "recall": 0.9
    },
    "pipeline_recommendation": {
        "support": 4,
        "f1-score": 0.8571428571428571,
        "precision": 1.0,
        "recall": 0.75
    },
    "greet": {
        "support": 30,
        "f1-score": 0.8064516129032259,
        "precision": 0.78125,
        "recall": 0.8333333333333334
    },
    "ask_whatspossible": {
        "support": 20,
        "f1-score": 0.7,
        "precision": 0.7,
        "recall": 0.7
    },
    "ask_faq_community_size": {
        "support": 9,
        "f1-score": 0.9411764705882353,
        "precision": 1.0,
        "recall": 0.8888888888888888
    },
    "ask_howold": {
        "support": 11,
        "f1-score": 0.9,
        "precision": 1.0,
        "recall": 0.8181818181818182
    },
    "ask_faq_languages": {
        "support": 20,
        "f1-score": 0.8,
        "precision": 0.9333333333333333,
        "recall": 0.7
    },
    "weighted avg": {
        "support": 987,
        "f1-score": 0.776975734676885,
        "precision": 0.8080267412575751,
        "recall": 0.7700101317122594
    },
    "macro avg": {
        "support": 987,
        "f1-score": 0.8023223214565502,
        "precision": 0.8785536077895905,
        "recall": 0.7608960161484574
    },
    "technical_question": {
        "support": 14,
        "f1-score": 0.25,
        "precision": 0.3,
        "recall": 0.21428571428571427
    },
    "canthelp": {
        "support": 5,
        "f1-score": 0.5714285714285715,
        "precision": 1.0,
        "recall": 0.4
    },
    "react_negative": {
        "support": 6,
        "f1-score": 0.8333333333333334,
        "precision": 0.8333333333333334,
        "recall": 0.8333333333333334
    },
    "ask_question_in_forum": {
        "support": 9,
        "f1-score": 0.8571428571428571,
        "precision": 0.75,
        "recall": 1.0
    },
    "thank": {
        "support": 8,
        "f1-score": 1.0,
        "precision": 1.0,
        "recall": 1.0
    },
    "ask_faq_platform": {
        "support": 4,
        "f1-score": 1.0,
        "precision": 1.0,
        "recall": 1.0
    },
    "signup_newsletter": {
        "support": 29,
        "f1-score": 0.9454545454545454,
        "precision": 1.0,
        "recall": 0.896551724137931
    },
    "how_to_get_started": {
        "support": 62,
        "f1-score": 0.7286821705426356,
        "precision": 0.7014925373134329,
        "recall": 0.7580645161290323
    },
    "nlu_info": {
        "support": 13,
        "f1-score": 0.8333333333333333,
        "precision": 0.9090909090909091,
        "recall": 0.7692307692307693
    },
    "bye": {
        "support": 8,
        "f1-score": 0.6153846153846154,
        "precision": 0.8,
        "recall": 0.5
    },
    "out_of_scope": {
        "support": 79,
        "f1-score": 0.42201834862385323,
        "precision": 0.33093525179856115,
        "recall": 0.5822784810126582
    },
    "source_code": {
        "support": 6,
        "f1-score": 1.0,
        "precision": 1.0,
        "recall": 1.0
    },
    "nicetomeeyou": {
        "support": 10,
        "f1-score": 0.8235294117647058,
        "precision": 1.0,
        "recall": 0.7
    },
    "ask_builder": {
        "support": 21,
        "f1-score": 0.8444444444444444,
        "precision": 0.7916666666666666,
        "recall": 0.9047619047619048
    },
    "micro avg": {
        "support": 987,
        "f1-score": 0.7700101317122594,
        "precision": 0.7700101317122594,
        "recall": 0.7700101317122594
    },